[
  {
    "id": "6c572d80-9950-4051-a8e1-45dc4f895cbf",
    "title": "machine learning",
    "mermaid_code": "graph LR\n    A[Machine Learning] --> B1[Supervised Learning]\n    A --> B2[Unsupervised Learning]\n    A --> B3[Reinforcement Learning]\n    A --> B4[Semi-supervised Learning]\n    \n    B1 --> C1[Classification]\n    B1 --> C2[Regression]\n    \n    B2 --> C3[Clustering]\n    B2 --> C4[Dimensionality Reduction]\n    B2 --> C5[Association]\n    \n    B3 --> C6[Value-based]\n    B3 --> C7[Policy-based]\n    B3 --> C8[Model-based]\n    \n    C1 --> D1[Logistic Regression]\n    C1 --> D2[Decision Trees]\n    C1 --> D3[SVMs]\n    C1 --> D4[Neural Networks]\n    \n    C2 --> D5[Linear Regression]\n    C2 --> D6[Polynomial Regression]\n    C2 --> D7[Random Forest]\n    \n    C3 --> D8[K-means]\n    C3 --> D9[Hierarchical]\n    C3 --> D10[DBSCAN]\n    \n    C4 --> D11[PCA]\n    C4 --> D12[t-SNE]\n    C4 --> D13[Autoencoders]\n    \n    C6 --> D14[Q-learning]\n    C6 --> D15[Deep Q Network]\n    \n    C7 --> D16[REINFORCE]\n    C7 --> D17[Actor-Critic]",
    "depth": "auto",
    "style": "LR",
    "created_at": "2025-11-12T16:21:10.445612",
    "updated_at": "2025-11-12T16:21:10.445612",
    "source": "text_input",
    "context": ""
  },
  {
    "id": "135d749e-b3db-45ad-b30c-091cc01ed1ec",
    "title": "machine learning",
    "mermaid_code": "mindmap\n  root((machine learning))\n    (Supervised Learning)\n      Classification\n        Logistic Regression\n        Decision Trees\n      Regression\n        Linear Regression\n        Support Vector Machines\n    [Unsupervised Learning]\n      Clustering\n        K-Means\n        Hierarchical\n      Dimensionality Reduction\n        PCA\n        t-SNE\n    (Reinforcement Learning)\n      Value-Based Methods\n        Q-Learning\n      Policy-Based Methods\n        Policy Gradients\n      Model-Based Methods\n    [Deep Learning)\n      Neural Networks\n        CNNs\n        RNNs\n      Architectures\n        Autoencoders\n        GANs\n    (Ensemble Methods)\n      Bagging\n        Random Forest\n      Boosting\n        Gradient Boosting\n        XGBoost\n    [Natural Language Processing)\n      Text Classification\n      Language Models\n        Transformers\n        BERT\n    (Computer Vision)\n      Object Detection\n      Image Segmentation\n      Face Recognition\n    [Model Evaluation)\n      Metrics\n        Accuracy\n        Precision/Recall\n      Cross-Validation\n      Hyperparameter Tuning",
    "depth": "auto",
    "style": "radial",
    "created_at": "2025-11-12T16:19:32.141582",
    "updated_at": "2025-11-13T00:26:13.057741",
    "source": "text_input",
    "context": ""
  },
  {
    "id": "91e3782b-8415-4f56-9993-7d9fb8f255c2",
    "title": "machine learning",
    "mermaid_code": "graph TD\n    ML[Machine Learning]\n    \n    ML --> ST[Supervised Learning]\n    ML --> UT[Unsupervised Learning]\n    ML --> RL[Reinforcement Learning]\n    ML --> SSL[Semi-Supervised Learning]\n    \n    ST --> CL[Classification]\n    ST --> RG[Regression]\n    \n    CL --> BC[Binary Classification]\n    CL --> MC[Multi-Class Classification]\n    CL --> ML[Multi-Label Classification]\n    \n    RG --> LR[Linear Regression]\n    RG --> PR[Polynomial Regression]\n    RG --> RR[Ridge & Lasso Regression]\n    \n    UT --> CLS[Clustering]\n    UT --> DR[Dimensionality Reduction]\n    UT --> AD[Anomaly Detection]\n    \n    CLS --> KMC[K-Means Clustering]\n    CLS --> HC[Hierarchical Clustering]\n    CLS --> DBC[DBSCAN]\n    \n    DR --> PCA[Principal Component Analysis]\n    DR --> TSNE[t-SNE]\n    DR --> AE[Autoencoders]\n    \n    RL --> VB[Value-Based Methods]\n    RL --> PB[Policy-Based Methods]\n    RL --> AB[Actor-Critic Methods]\n    \n    VB --> QL[Q-Learning]\n    VB --> DQN[Deep Q-Networks]\n    \n    PB --> PG[Policy Gradients]\n    PB --> PPO[Proximal Policy Optimization]\n    \n    SSL --> ST[Self-Training]\n    SSL --> CT[Co-Training]\n    SSL --> MT[Multi-View Learning]\n    \n    ML --> AP[Applications]\n    \n    AP --> CV[Computer Vision]\n    AP --> NLP[Natural Language Processing]\n    AP --> RS[Recommendation Systems]\n    AP --> FS[Fraud Detection]\n    \n    CV --> OD[Object Detection]\n    CV --> IS[Image Segmentation]\n    CV --> FR[Face Recognition]\n    \n    NLP --> SA[Sentiment Analysis]\n    NLP --> MT[Machine Translation]\n    NLP --> TC[Text Classification]",
    "depth": "auto",
    "style": "TD",
    "created_at": "2025-11-12T16:19:06.593885",
    "updated_at": "2025-11-12T16:19:06.593885",
    "source": "text_input",
    "context": ""
  }
]